-- Insertion dans la table Admis
INSERT INTO Admis (nom, prenom, email, mot_de_pass) VALUES
('admin1', 'admin1', 'admin1@gmail.com', 'admin1'),
('admin2', 'admin2', 'admin2@gmail.com', 'admin2');


-- Insertion dans la table CLient
INSERT INTO Client (nom, prenom, email, telephone, mot_de_pass) VALUES
('Rakoto', 'Andry', 'andry.rakoto@example.com', '0341122334', 'Andry'),
('Rasoa', 'Mamy', 'mamy.rasoa@example.com', '0341122335', 'Mamy'),
('Rajoelina', 'Fetra', 'fetra.rajoelina@example.com', '0341122336', 'Fetra'),
('Randria', 'Aina', 'aina.randria@example.com', '0341122337', 'Aina'),
('Ravelo', 'Tina', 'tina.ravelo@example.com', '0341122338', 'Tina'),
('Razafy', 'Rivo', 'rivo.razafy@example.com', '0341122339', 'Rivo'),
('Ranaivo', 'Faly', 'faly.ranaivo@example.com', '0341122340', 'Faly'),
('Raharinaivo', 'Hery', 'hery.raharinaivo@example.com', '0341122341', 'Hery'),
('Rasolonjatovo', 'Noro', 'noro.rasolonjatovo@example.com', '0341122342', 'Noro'),
('Ramaroson', 'Lova', 'lova.ramaroson@example.com', '0341122343', 'Lova'),
('Rabe', 'Zo', 'zo.rabe@example.com', '0341122344', 'Zo'),
('Rabary', 'Tahina', 'tahina.rabary@example.com', '0341122345', 'Tahina'),
('Rakotobe', 'Ialy', 'ialy.rakotobe@example.com', '0341122346', 'Ialy'),
('Rajaonarivelo', 'Tovo', 'tovo.rajaonarivelo@example.com', '0341122347', 'Tovo'),
('Ravoninahitriniarivo', 'Kanto', 'kanto.ravoninahitriniarivo@example.com', '0341122348', 'Kanto'),
('Raveloson', 'Miora', 'miora.raveloson@example.com', '0341122349', 'Miora'),
('Rabenarivo', 'Ando', 'ando.rabenarivo@example.com', '0341122350', 'Ando'),
('Rafalimanana', 'Zara', 'zara.rafalimanana@example.com', '0341122351', 'Zara'),
('Randriamampionona', 'Tojo', 'tojo.randriamampionona@example.com', '0341122352', 'Tojo'),
('Ramahavalisoa', 'Sitraka', 'sitraka.ramahavalisoa@example.com', '0341122353', 'Sitraka'),
('Rafidison', 'Malala', 'malala.rafidison@example.com', '0341122354', 'Malala'),
('Rakotomavo', 'Zina', 'zina.rakotomavo@example.com', '0341122355', 'Zina'),
('Rakotonirina', 'Niry', 'niry.rakotonirina@example.com', '0341122356', 'Niry'),
('Rakotondrabe', 'Feno', 'feno.rakotondrabe@example.com', '0341122357', 'Feno'),
('Ravelomanana', 'Haja', 'haja.ravelomanana@example.com', '0341122358', 'Haja'),
('Razakanirina', 'Avo', 'avo.razakanirina@example.com', '0341122359', 'Avo'),
('Rabenja', 'Tsiky', 'tsiky.rabenja@example.com', '0341122360', 'Tsiky'),
('Randrianarisoa', 'Dina', 'dina.randrianarisoa@example.com', '0341122361', 'Dina'),
('Rakotomalala', 'Tantely', 'tantely.rakotomalala@example.com', '0341122362', 'Tantely'),
('Rasoarimalala', 'Elina', 'elina.rasoarimalala@example.com', '0341122363', 'Elina'),
('Randrianasolo', 'Valy', 'valy.randrianasolo@example.com', '0341122364', 'Valy'),
('Randrianirina', 'Mbola', 'mbola.randrianirina@example.com', '0341122365', 'Mbola'),
('Rasoamanarivo', 'Kely', 'kely.rasoamanarivo@example.com', '0341122366', 'Kely'),
('Rasolonirina', 'Antsa', 'antsa.rasolonirina@example.com', '0341122367', 'Antsa'),
('Rabenirina', 'Nantenaina', 'nantenaina.rabenirina@example.com', '0341122368', 'Nantenaina'),
('Rajaonarison', 'Ketaka', 'ketaka.rajaonarison@example.com', '0341122369', 'Ketaka'),
('Ranaivomanana', 'Nivo', 'nivo.ranaivomanana@example.com', '0341122370', 'Nivo'),
('Raveloarisoa', 'Voahirana', 'voahirana.raveloarisoa@example.com', '0341122371', 'Voahirana'),
('Rabenirina', 'Solonirina', 'solonirina.rabenirina@example.com', '0341122372', 'Solonirina');



-- Insérer des données dans la table Adresse
INSERT INTO `Adresse` (`nom`) VALUES
('Analakely'),
('Ankadifotsy'),
('Ankadilalana'),
('Ankatso'),
('Anosibe'),
('Anosipatrana'),
('Antanimena'),
('Antohomadinika'),
('Antsakaviro'),
('Anjanahary'),
('Behoririka'),
('Besarety'),
('Betongolo'),
('Faravohitra'),
('Isoraka'),
('Isotry'),
('Mahamasina'),
('Mandrosoa'),
('Manjakaray'),
('Manarintsoa'),
('Tsaralalana'),
('Tsimbazaza'),
('Tsarasaotra'),
('Tanjombato'),
('Anosy'),
('Ampefiloha'),
('67ha'),
('Andoharanofotsy'),
('Ankadimbahoaka'),
('Soanierana'),
('Iavoloha'),
('Ankorondrano'),
('Soarano'),
('Tsiadana'),
('Ivandry'),
('Andraharo'),
('Analamahintsy'),
('Avaradoha'),
('Ambodivona'),
('Antsahabe'),
('Alasora'),
('Nanisana'),
('Ambatobe'),
('Ambohimanarina'),
('Ambohibao'),
('Antaninarenina'),
('Ambohipo'),
('Ampandrana'),
('Ambohijatovo'),
('Andohalo');

-- inserer voisin de l'adresse
INSERT INTO `Voisin` (`id_adresse1`,`id_adresse2`) VALUES
('1','11'),
('1','33'),
('1','21'),
('2','11'),
('2','7'),
('2','12'),
('3','17'),
('3','25'),
('3','22'),
('4','40'),
('4','48'),
('5','6'),
('5','27'),
('6','5'),
('6','27'),
('7','2'),
('7','8'),
('8','16'),
('8','27'),
('9','12'),
('9','13'),
('10','19'),

('11','2'),
('11','7'),
('11','1'),
('12','13'),
('12','38'),
('13','12'),
('13','38'),
('14','1'),
('14','2'),
('15','16'),
('15','21'),
('15','26'),
('16','27'),
('16','26'),
('16','21'),
('17','26'),
('17','25'),
('17','3'),
('18','45'),
('18','44'),
('19','39'),
('20','27'),
('20','16'),
('20','8'),
('21','15'),
('21','1'),
('21','33'),
('22','3'),
('22','17'),
('22','25'),
('23','45'),
('23','18'),
('23','44'),
('24','29'),
('24','28'),
('24','30'),
('25','17'),
('25','26'),
('25','3'),
('26','25'),
('26','27'),
('26','15'),
('27','16'),
('27','5'),
('27','16'),
('28','29'),
('28','24'),
('28','31'),
('29','30'),
('29','24'),
('30','29'),
('30','24'),
('30','3'),
('31','28'),
('32','35'),
('32','7'),
('33','1'),
('33','11'),
('33','21'),
('34','4'),
('34','47'),
('35','32'),
('36','44'),
('36','47'),
('37','43'),
('37','45'),
('38','12'),
('38','13'),
('39','19'),
('39','2'),
('40','3'),
('40','17'),
('40','48'),
('41','29'),
('41','24'),
('41','4'),
('42','19'),
('42','37'),
('42','38'),
('43','42'),
('43','37'),
('44','45'),
('44','36'),
('45','44'),
('45','23'),
('45','18'),
('46','15'),
('46','21'),
('47','3'),
('48','2'),
('48','7'),
('48','11'),
('49','1'),
('49','50'),
('50','49'),
('50','50');


-- Insérer des données dans la table Resto
INSERT INTO Resto (nom,id_adresse, email,mot_de_pass) VALUES
('PAKOPAKO',7,'pakopako@gmail.com', 'pakopako'),
('Chez Madama',28,'madama@gmail.com','madama'),
('Selesy',49,'selesy@gmail.com','selesy'),
('Bon appetit',48,'Bon_appetit@gmail.com', 'Bon_appetit'),
('Passion coco',27,'Passion_coco@gmail.com','Passion_coco'),
('CHIKY',11,'CHIKY@gmail.com','CHIKY'),
('Xin Hai',1,'Xin_Hai@gmail.com', 'Xin_Hai'),
('DROPZON',2,'DROPZON@gmail.com','DROPZON'),
('O zone',15,'O_zone@gmail.com','O_zone');

-- Insertion des données dans la table Info_resto
INSERT INTO Info_resto (id_resto, nom, adresse, repere,description, heure_ouverture, heure_fermeture,latitude,longitude,image) VALUES
(1, 'PAKOPAKO', 7,'Skate park', 'Venez savourez de bon Plat chez PAKOPAKO', '09:30:00', '19:00:00',-18.8983496847481,47.52367911306232,'pakopako.png'),
(2, 'Chez Madama', 28,'ITU Andoharanofotsy','tongava misakafo', '22:00:00', '23:00:00',-18.98599963341681,47.53279656171799,null),
(3, 'Selesy', 14,'Rond point Faravohitra ',' ', '10:00:00', '18:00:00',-18.914764079712324,47.531726360321045,'selesy.jpg'),
(4,'Bon appetit',7,'ampandrana','Bon appetit','08:30:00','22:00:00',-18.905216763768436,47.53353602027097,'pao.jpg'),
(5,'Passion coco',27,'67ha nord ouest','Saveur coco','08:00:00','12:00:00',-18.902869849546796,47.50907892132396,'passion.png'),
(6,'CHIKY',11,'chiky Behoririka','chiken chiken','08:00:00','18:00:00',-18.901876022333454,47.527863485616614,'chicky.jpg'),
(7,'Xin Hai',1,'Ambodifilao Analakey','chinesse','13:00:00','20:30:00',-18.908479328941524,47.52671997071501,'xi.jpg'),
(8,'DROPZON',2,'Ankadifotsy','drop drop','08:00:00','13:00:00',-18.896887319553702,47.52277851104736,'drop.JPG'),
(9,'O zone',15,'Isoraka','ozone','10:00:00','20:00:00',-18.912212391314878,47.52065225505948,'ozone.jpeg');

-- Insertion dans la table Livreur
INSERT INTO Livreur (email, mot_de_pass) VALUES ('livreur1@gmail.com', 'livreur1');
INSERT INTO Livreur (email, mot_de_pass) VALUES ('livreur3@gmail.com', 'livreur2');
INSERT INTO Livreur (email, mot_de_pass) VALUES ('livreur2@gmail.com', 'livreur3');
INSERT INTO Livreur (email, mot_de_pass) VALUES ('livreur4@gmail.com', 'livreur4');
INSERT INTO Livreur (email, mot_de_pass) VALUES ('livreur5@gmail.com', 'livreur5');
INSERT INTO Livreur (email, mot_de_pass) VALUES ('livreur6@gmail.com', 'livreur6');
INSERT INTO Livreur (email, mot_de_pass) VALUES ('livreur7@gmail.com', 'livreur7');
INSERT INTO Livreur (email, mot_de_pass) VALUES ('livreur8@gmail.com', 'livreur8');
INSERT INTO Livreur (email, mot_de_pass) VALUES ('livreur9@gmail.com', 'livreur9');
-- Insertion dans la table Info_livreur
INSERT INTO Info_livreur (id_livreur, nom_complet, adresse,telephone) VALUES (1, 'Jean Rakotomalala', 15,'0325689747');
INSERT INTO Info_livreur (id_livreur, nom_complet, adresse,telephone) VALUES (2, 'Pauline Rabeharisoa', 27,'0326897454');
INSERT INTO Info_livreur (id_livreur, nom_complet, adresse,telephone) VALUES (3, 'Michel Randriamahefa', 28,'0326589741');
INSERT INTO Info_livreur (id_livreur, nom_complet, adresse,telephone) VALUES (4, 'Julie Rasoamalala', 1,'0335689745');
INSERT INTO Info_livreur (id_livreur, nom_complet, adresse,telephone) VALUES (5, 'Marie Rakotondravelo', 7,'0326897454');
INSERT INTO Info_livreur (id_livreur, nom_complet, adresse,telephone) VALUES (6, 'Thomas Raharimanana', 16,'0326589741');
INSERT INTO Info_livreur (id_livreur, nom_complet, adresse,telephone) VALUES (7, 'Isabelle Razanadrakoto', 20,'0326589741');
INSERT INTO Info_livreur (id_livreur, nom_complet, adresse,telephone) VALUES (8, 'Luc Rabenjamina', 11,'0325689747');
INSERT INTO Info_livreur (id_livreur, nom_complet, adresse,telephone) VALUES (9, 'Elise Ravelomanantsoa', 48,'0335689745');




INSERT INTO Status(id_livreur,status) VALUES (1,'dispo');
INSERT INTO Status(id_livreur,status) VALUES (2,'dispo');
INSERT INTO Status(id_livreur,status) VALUES (3,'dispo');
INSERT INTO Status(id_livreur,status) VALUES (4,'non-dispo');
INSERT INTO Status(id_livreur,status) VALUES (5,'dispo');
INSERT INTO Status(id_livreur,status) VALUES (6,'dispo');
INSERT INTO Status(id_livreur,status) VALUES (7,'dispo');
INSERT INTO Status(id_livreur,status) VALUES (8,'dispo');
INSERT INTO Status(id_livreur,status) VALUES (9,'dispo');



-- Insérer des données dans la table Plat
INSERT INTO Plat (id_resto, description, prix,image) VALUES
(1, 'Biriani foza de luxe',20000,"biriani.jpg"),
(1, 'Akondro metissy BALAHAZO',4000,"balahazo.jpg"),
(1, 'Assiette vehihivavy',10000,"vehivavy.jpg"),
(1, 'Dite manaikitra tenda',3000,"dithe.jpg"),
(1,'Akohooo na matata',10500,'akohooo.jpg'),
(2, 'Akoho sauce + Achard', 6000,null),
(2, 'steak sy vary', 6000,null),
(2, 'saucisse sy haricot', 5000,null),
(2, 'poisson frite', 7000,null),
(3, 'Big mofo anana',3000,'mofo_anana_GM.jpg'),
(3, 'Mofo anana',1000,'mofo_ananaPM.jpg'),
(3, 'Mofo akondro gold',2000,'mofo_akondro_gold.jpg'),
(3,'Mofo akondro tsotra',500,'mofo_akondro_tsotra.jpg'),
(3,'Mofo akondro VIP',1000,'mofo_akondro.jpg'),
(4,'Biscottine de crevette',27500,'biscotine.JPG'),
(4,'TSASIOU MIEL',1900,'miel.jpg'),
(4,'nem tsasiou',11500,'nem.JPG'),
(4,'VAN TAN FRIT',9500,'fitte.JPG'),
(5,'POISSON CREVETTE COCO',25000,'poisson.png'),
(5,'VIANDE RITRA RAVITOTO SPECIAL',20000,'ravitoto.png'),
(5,'CANARD RITRA FACON COTIER',2000,'canard.png'),
(5,'CREVETTE COCO',20000,'coco.png'),
(5,'POISSON COCO',20000,'poison_coco.png'),
(6,'CRISPY BUCKET',80000,'crispy.jpg'),
(6,'DOBLO',18000,'doblo.PNG'),
(6,'CHIKY BALLS',8000,'balls.JPG'),
(6,'MAXI GRILLED',98000,'maxi.JPG'),
(6,'DUO',42000,'duo.JPG'),
(7,'Nouilles sauce',12000,'nouilles.jpg'),
(7,'SESAME CHIKEN',12000,'sesame.jpg'),
(7,'Curry Chiken',12000,'curry.jpg'),
(7,'Brochette de poulet',7000,'brochette.jpg'),
(7,'MINE SAO PORC',12000,'minesao.jpg'),
(8,'Salade Fraicheur',18000,'salade.jpg'),
(8,'Nouille sautees tsa siu',18000,'tsasiu'),
(8,'RIBS',21000,'ribs.jpg'),
(8,'BO BUN',19000,'bo.jpg'),
(8,'Beignets de crevettes',18000,'beignet.jpg'),
(9,'Riz cantonnais au crevette',12000,'ananas.jpg'),
(9,'Riz cantonnais fruit de mer',12000,'fuit.jpg'),
(9,'Riz au panne croustillant',19000,'panne.jpg'),
(9,'Riz au canard laque',25000,'canard.jpg'),
(9,'riz cantonnais au boeuf',17000,'boeuf.jpg');



INSERT INTO Change_quantite_plat (id_plat, date, production) VALUES
(1, '2024-06-01 08:00:00', 15),
(2, '2024-06-01 08:00:00', 25),
(3, '2024-06-01 08:00:00', 20),
(4, '2024-06-01 08:00:00', 30),
(5, '2024-06-01 08:00:00', 30),
(6, '2024-06-01 08:00:00', 15),
(7, '2024-06-01 08:00:00', 10),
(8, '2024-06-01 08:00:00', 10),
(9, '2024-06-01 08:00:00', 100),
(10, '2024-06-01 08:00:00', 10),
(11, '2024-06-01 08:00:00', 15),
(12, '2024-06-01 08:00:00', 35),
(13, '2024-06-01 08:00:00', 20),
(14, '2024-06-01 08:00:00', 30),
(15, '2024-06-01 08:00:00', 30),
(16, '2024-06-01 08:00:00', 15),
(17, '2024-06-01 08:00:00', 10),
(18, '2024-06-01 08:00:00', 30),
(19, '2024-06-01 08:00:00', 100),
(20, '2024-06-01 08:00:00', 100),
(21, '2024-06-01 08:00:00', 50),
(22, '2024-06-01 08:00:00', 25),
(23, '2024-06-01 08:00:00', 70),
(24, '2024-06-01 08:00:00', 30),
(25, '2024-06-01 08:00:00', 30),
(26, '2024-06-01 08:00:00', 45),
(27, '2024-06-01 08:00:00', 40),
(28, '2024-06-01 08:00:00', 10),
(29, '2024-06-01 08:00:00', 40),
(30, '2024-06-01 08:00:00', 100),
(31, '2024-06-01 08:00:00', 15),
(32, '2024-06-01 08:00:00', 25),
(33, '2024-06-01 08:00:00', 20),
(34, '2024-06-01 08:00:00', 30),
(35, '2024-06-01 08:00:00', 30),
(36, '2024-06-01 08:00:00', 15),
(37, '2024-06-01 08:00:00', 10),
(38, '2024-06-01 08:00:00', 10),
(39, '2024-06-01 08:00:00', 100),
(40, '2024-06-01 08:00:00', 100),
(41, '2024-06-01 08:00:00', 15),
(42, '2024-06-01 08:00:00', 25),
(43, '2024-06-01 08:00:00', 20);

-- Insérer des données dans la table Commission_admin
INSERT INTO Commission_admin (commission_resto,commission_livreur) VALUES (5,30);

INSERT INTO Note_plat (id_client, id_plat, note) VALUES
(1, 1, 4),
(2, 1, 5),
(3, 2, 3),
(4, 3, 2),
(5, 4, 5),
(6, 5, 1),
(7, 6, 4),
(8, 7, 3),
(9, 8, 5),
(10, 9, 2),
(11, 10, 4),
(12, 11, 5),
(13, 12, 1),
(14, 13, 3),
(15, 14, 2);


INSERT INTO Note_resto (id_client, id_resto, note) VALUES
(1, 1, 4),
(2, 1, 2),
(3, 2, 4),
(4, 3, 5),
(5, 4, 3),
(6, 5, 2),
(7, 6, 5),
(8, 7, 4),
(9, 8, 3),
(10, 9, 2),
(11, 1, 1),
(12, 2, 5),
(13, 3, 4),
(14, 4, 3),
(15, 5, 2),
(16, 6, 1),
(17, 7, 5),
(18, 8, 4),
(19, 9, 3),
(20, 1, 2);


INSERT INTO Prix_mise_en_avant(prix) VALUES(200000);

INSERT INTO Tarif_livraison (tarif_min,tarif_moyen,tarif_max)
VALUES (3000,5000,8000);